test,param,addr,d4,us,cycles,val,cap,passed
delay,bare,10,3,1,7553,42,True,True
delay,bare,12,3,1,7553,42,True,True
delay,bare,14,3,1,7553,42,True,True
delay,bare,16,3,1,7553,42,True,True
delay,bare,18,3,1,7553,42,True,True
delay,bare,20,3,1,7553,42,True,True
delay,bare,22,3,1,7553,42,True,True
delay,bare,24,3,1,7553,42,True,True
delay,bare,26,3,1,7553,42,True,True
delay,bare,28,3,1,7553,42,True,True
delay,bare,30,3,1,7553,42,True,True
delay,bare,32,3,1,7553,42,True,True
delay,bare,34,3,1,7553,42,True,True
delay,bare,36,3,1,7553,42,True,True
delay,bare,38,3,1,7553,42,True,True
delay,bare,40,3,1,7553,42,True,True
delay,bare,42,3,1,7553,42,True,True
delay,bare,44,3,1,7553,42,True,True
delay,bare,46,3,1,7553,42,True,True
delay,bare,48,3,1,7553,42,True,True
delay,bare,50,3,1,7553,42,True,True
delay,bare,52,3,1,7553,42,True,True
delay,bare,54,3,1,7553,42,True,True
delay,bare,56,3,1,7553,42,True,True
delay,bare,58,3,1,7553,42,True,True
delay,bare,60,3,1,7553,42,True,True
delay,bare,62,3,1,7553,42,True,True
delay,bare,64,3,1,7553,42,True,True
delay,bare,66,3,1,7553,42,True,True
delay,bare,68,3,1,7553,42,True,True
delay,bare,70,3,1,7553,42,True,True
delay,bare,72,3,1,7553,42,True,True
delay,bare,74,3,1,7553,42,True,True
delay,bare,76,3,1,7553,42,True,True
delay,bare,78,3,1,7553,42,True,True
delay,bare,80,3,1,7553,42,True,True
delay,bare,82,3,1,7553,42,True,True
delay,bare,84,3,1,7553,42,True,True
delay,bare,86,3,1,7553,42,True,True
delay,bare,88,3,1,7553,42,True,True
delay,bare,90,3,1,7553,42,True,True
delay,bare,92,3,1,7553,42,True,True
delay,bare,94,3,1,7553,42,True,True
delay,bare,96,3,1,7553,42,True,True
delay,bare,98,3,1,7553,42,True,True
delay,bare,100,3,1,7553,42,True,True
delay,bare,102,3,1,7553,42,True,True
delay,bare,104,3,1,7553,42,True,True
delay,bare,106,3,1,7553,42,True,True
delay,bare,108,3,1,7553,42,True,True
delay,bare,110,3,1,7553,42,True,True
delay,bare,112,3,1,7553,42,True,True
delay,bare,114,3,1,7553,42,True,True
delay,bare,116,3,1,7553,42,True,True
delay,bare,118,3,1,7553,42,True,True
delay,bare,120,3,1,7553,42,True,True
delay,bare,122,3,1,7553,42,True,True
delay,bare,124,3,1,7553,42,True,True
delay,bare,126,3,1,7553,42,True,True
delay,bare,128,3,1,7553,42,True,True
delay,bare,130,3,1,7553,42,True,True
delay,bare,132,3,1,7553,42,True,True
delay,bare,134,3,1,7553,42,True,True
delay,bare,136,3,1,7553,42,True,True
delay,bare,138,3,1,7553,42,True,True
delay,bare,140,3,1,7553,42,True,True
delay,bare,142,3,1,7553,42,True,True
delay,bare,144,3,1,7553,42,True,True
delay,bare,146,3,1,7553,42,True,True
delay,bare,148,3,1,7553,42,True,True
delay,bare,150,3,1,7553,42,True,True
delay,bare,152,3,1,7553,42,True,True
delay,bare,154,3,1,7553,42,True,True
delay,bare,156,3,1,7553,42,True,True
delay,bare,158,3,1,7553,42,True,True
delay,bare,160,3,1,7553,42,True,True
delay,bare,162,3,1,7553,42,True,True
delay,bare,164,3,1,7553,42,True,True
delay,bare,166,3,1,7553,42,True,True
delay,bare,168,3,1,7553,42,True,True
delay,bare,170,3,1,7553,42,True,True
delay,bare,172,3,1,7553,42,True,True
delay,bare,174,3,1,7553,42,True,True
delay,bare,176,3,1,7553,42,True,True
delay,bare,178,3,1,7553,42,True,True
delay,bare,180,3,1,7553,42,True,True
delay,bare,182,3,1,7553,42,True,True
delay,bare,184,3,1,7553,42,True,True
delay,bare,186,3,1,7553,42,True,True
delay,bare,188,3,1,7553,42,True,True
delay,bare,190,3,1,7553,42,True,True
delay,bare,192,3,1,7553,42,True,True
delay,bare,194,3,1,7553,42,True,True
delay,bare,196,3,1,7553,42,True,True
delay,bare,198,3,1,7553,42,True,True
delay,bare,10,3,5,7553,42,True,True
delay,bare,12,3,5,7553,42,True,True
delay,bare,14,3,5,7553,42,True,True
delay,bare,16,3,5,7553,42,True,True
delay,bare,18,3,5,7553,42,True,True
delay,bare,20,3,5,7553,42,True,True
delay,bare,22,3,5,7553,42,True,True
delay,bare,24,3,5,7553,42,True,True
delay,bare,26,3,5,7553,42,True,True
delay,bare,28,3,5,7553,42,True,True
delay,bare,30,3,5,7553,42,True,True
delay,bare,32,3,5,7553,42,True,True
delay,bare,34,3,5,7553,42,True,True
delay,bare,36,3,5,7553,42,True,True
delay,bare,38,3,5,7553,42,True,True
delay,bare,40,3,5,7553,42,True,True
delay,bare,42,3,5,7553,42,True,True
delay,bare,44,3,5,7553,42,True,True
delay,bare,46,3,5,7553,42,True,True
delay,bare,48,3,5,7553,42,True,True
delay,bare,50,3,5,7553,42,True,True
delay,bare,52,3,5,7553,42,True,True
delay,bare,54,3,5,7553,42,True,True
delay,bare,56,3,5,7553,42,True,True
delay,bare,58,3,5,7553,42,True,True
delay,bare,60,3,5,7553,42,True,True
delay,bare,62,3,5,7553,42,True,True
delay,bare,64,3,5,7553,42,True,True
delay,bare,66,3,5,7553,42,True,True
delay,bare,68,3,5,7553,42,True,True
delay,bare,70,3,5,7553,42,True,True
delay,bare,72,3,5,7553,42,True,True
delay,bare,74,3,5,7553,42,True,True
delay,bare,76,3,5,7553,42,True,True
delay,bare,78,3,5,7553,42,True,True
delay,bare,80,3,5,7553,42,True,True
delay,bare,82,3,5,7553,42,True,True
delay,bare,84,3,5,7553,42,True,True
delay,bare,86,3,5,7553,42,True,True
delay,bare,88,3,5,7553,42,True,True
delay,bare,90,3,5,7553,42,True,True
delay,bare,92,3,5,7553,42,True,True
delay,bare,94,3,5,7553,42,True,True
delay,bare,96,3,5,7553,42,True,True
delay,bare,98,3,5,7553,42,True,True
delay,bare,100,3,5,7553,42,True,True
delay,bare,102,3,5,7553,42,True,True
delay,bare,104,3,5,7553,42,True,True
delay,bare,106,3,5,7553,42,True,True
delay,bare,108,3,5,7553,42,True,True
delay,bare,110,3,5,7553,42,True,True
delay,bare,112,3,5,7553,42,True,True
delay,bare,114,3,5,7553,42,True,True
delay,bare,116,3,5,7553,42,True,True
delay,bare,118,3,5,7553,42,True,True
delay,bare,120,3,5,7553,42,True,True
delay,bare,122,3,5,7553,42,True,True
delay,bare,124,3,5,7553,42,True,True
delay,bare,126,3,5,7553,42,True,True
delay,bare,128,3,5,7553,42,True,True
delay,bare,130,3,5,7553,42,True,True
delay,bare,132,3,5,7553,42,True,True
delay,bare,134,3,5,7553,42,True,True
delay,bare,136,3,5,7553,42,True,True
delay,bare,138,3,5,7553,42,True,True
delay,bare,140,3,5,7553,42,True,True
delay,bare,142,3,5,7553,42,True,True
delay,bare,144,3,5,7553,42,True,True
delay,bare,146,3,5,7553,42,True,True
delay,bare,148,3,5,7553,42,True,True
delay,bare,150,3,5,7553,42,True,True
delay,bare,152,3,5,7553,42,True,True
delay,bare,154,3,5,7553,42,True,True
delay,bare,156,3,5,7553,42,True,True
delay,bare,158,3,5,7553,42,True,True
delay,bare,160,3,5,7553,42,True,True
delay,bare,162,3,5,7553,42,True,True
delay,bare,164,3,5,7553,42,True,True
delay,bare,166,3,5,7553,42,True,True
delay,bare,168,3,5,7553,42,True,True
delay,bare,170,3,5,7553,42,True,True
delay,bare,172,3,5,7553,42,True,True
delay,bare,174,3,5,7553,42,True,True
delay,bare,176,3,5,7553,42,True,True
delay,bare,178,3,5,7553,42,True,True
delay,bare,180,3,5,7553,42,True,True
delay,bare,182,3,5,7553,42,True,True
delay,bare,184,3,5,7553,42,True,True
delay,bare,186,3,5,7553,42,True,True
delay,bare,188,3,5,7553,42,True,True
delay,bare,190,3,5,7553,42,True,True
delay,bare,192,3,5,7553,42,True,True
delay,bare,194,3,5,7553,42,True,True
delay,bare,196,3,5,7553,42,True,True
delay,bare,198,3,5,7553,42,True,True
delay,bare,10,3,10,7553,42,True,True
delay,bare,12,3,10,7553,42,True,True
delay,bare,14,3,10,7553,42,True,True
delay,bare,16,3,10,7553,42,True,True
delay,bare,18,3,10,7553,42,True,True
delay,bare,20,3,10,7553,42,True,True
delay,bare,22,3,10,7553,42,True,True
delay,bare,24,3,10,7553,42,True,True
delay,bare,26,3,10,7553,42,True,True
delay,bare,28,3,10,7553,42,True,True
delay,bare,30,3,10,7553,42,True,True
delay,bare,32,3,10,7553,42,True,True
delay,bare,34,3,10,7553,42,True,True
delay,bare,36,3,10,7553,42,True,True
delay,bare,38,3,10,7553,42,True,True
delay,bare,40,3,10,7553,42,True,True
delay,bare,42,3,10,7553,42,True,True
delay,bare,44,3,10,7553,42,True,True
delay,bare,46,3,10,7553,42,True,True
delay,bare,48,3,10,7553,42,True,True
delay,bare,50,3,10,7553,42,True,True
delay,bare,52,3,10,7553,42,True,True
delay,bare,54,3,10,7553,42,True,True
delay,bare,56,3,10,7553,42,True,True
delay,bare,58,3,10,7553,42,True,True
delay,bare,60,3,10,7553,42,True,True
delay,bare,62,3,10,7553,42,True,True
delay,bare,64,3,10,7553,42,True,True
delay,bare,66,3,10,7553,42,True,True
delay,bare,68,3,10,7553,42,True,True
delay,bare,70,3,10,7553,42,True,True
delay,bare,72,3,10,7553,42,True,True
delay,bare,74,3,10,7553,42,True,True
delay,bare,76,3,10,7553,42,True,True
delay,bare,78,3,10,7553,42,True,True
delay,bare,80,3,10,7553,42,True,True
delay,bare,82,3,10,7553,42,True,True
delay,bare,84,3,10,7553,42,True,True
delay,bare,86,3,10,7553,42,True,True
delay,bare,88,3,10,7553,42,True,True
delay,bare,90,3,10,7553,42,True,True
delay,bare,92,3,10,7553,42,True,True
delay,bare,94,3,10,7553,42,True,True
delay,bare,96,3,10,7553,42,True,True
delay,bare,98,3,10,7553,42,True,True
delay,bare,100,3,10,7553,42,True,True
delay,bare,102,3,10,7553,42,True,True
delay,bare,104,3,10,7553,42,True,True
delay,bare,106,3,10,7553,42,True,True
delay,bare,108,3,10,7553,42,True,True
delay,bare,110,3,10,7553,42,True,True
delay,bare,112,3,10,7553,42,True,True
delay,bare,114,3,10,7553,42,True,True
delay,bare,116,3,10,7553,42,True,True
delay,bare,118,3,10,7553,42,True,True
delay,bare,120,3,10,7553,42,True,True
delay,bare,122,3,10,7553,42,True,True
delay,bare,124,3,10,7553,42,True,True
delay,bare,126,3,10,7553,42,True,True
delay,bare,128,3,10,7553,42,True,True
delay,bare,130,3,10,7553,42,True,True
delay,bare,132,3,10,7553,42,True,True
delay,bare,134,3,10,7553,42,True,True
delay,bare,136,3,10,7553,42,True,True
delay,bare,138,3,10,7553,42,True,True
delay,bare,140,3,10,7553,42,True,True
delay,bare,142,3,10,7553,42,True,True
delay,bare,144,3,10,7553,42,True,True
delay,bare,146,3,10,7553,42,True,True
delay,bare,148,3,10,7553,42,True,True
delay,bare,150,3,10,7553,42,True,True
delay,bare,152,3,10,7553,42,True,True
delay,bare,154,3,10,7553,42,True,True
delay,bare,156,3,10,7553,42,True,True
delay,bare,158,3,10,7553,42,True,True
delay,bare,160,3,10,7553,42,True,True
delay,bare,162,3,10,7553,42,True,True
delay,bare,164,3,10,7553,42,True,True
delay,bare,166,3,10,7553,42,True,True
delay,bare,168,3,10,7553,42,True,True
delay,bare,170,3,10,7553,42,True,True
delay,bare,172,3,10,7553,42,True,True
delay,bare,174,3,10,7553,42,True,True
delay,bare,176,3,10,7553,42,True,True
delay,bare,178,3,10,7553,42,True,True
delay,bare,180,3,10,7553,42,True,True
delay,bare,182,3,10,7553,42,True,True
delay,bare,184,3,10,7553,42,True,True
delay,bare,186,3,10,7553,42,True,True
delay,bare,188,3,10,7553,42,True,True
delay,bare,190,3,10,7553,42,True,True
delay,bare,192,3,10,7553,42,True,True
delay,bare,194,3,10,7553,42,True,True
delay,bare,196,3,10,7553,42,True,True
delay,bare,198,3,10,7553,42,True,True
delay,bare,10,3,20,7553,42,True,True
delay,bare,12,3,20,7553,42,True,True
delay,bare,14,3,20,7553,42,True,True
delay,bare,16,3,20,7553,42,True,True
delay,bare,18,3,20,7553,42,True,True
delay,bare,20,3,20,7553,42,True,True
delay,bare,22,3,20,7553,42,True,True
delay,bare,24,3,20,7553,42,True,True
delay,bare,26,3,20,7553,42,True,True
delay,bare,28,3,20,7553,42,True,True
delay,bare,30,3,20,7553,42,True,True
delay,bare,32,3,20,7553,42,True,True
delay,bare,34,3,20,7553,42,True,True
delay,bare,36,3,20,7553,42,True,True
delay,bare,38,3,20,7553,42,True,True
delay,bare,40,3,20,7553,42,True,True
delay,bare,42,3,20,7553,42,True,True
delay,bare,44,3,20,7553,42,True,True
delay,bare,46,3,20,7553,42,True,True
delay,bare,48,3,20,7553,42,True,True
delay,bare,50,3,20,7553,42,True,True
delay,bare,52,3,20,7553,42,True,True
delay,bare,54,3,20,7553,42,True,True
delay,bare,56,3,20,7553,42,True,True
delay,bare,58,3,20,7553,42,True,True
delay,bare,60,3,20,7553,42,True,True
delay,bare,62,3,20,7553,42,True,True
delay,bare,64,3,20,7553,42,True,True
delay,bare,66,3,20,7553,42,True,True
delay,bare,68,3,20,7553,42,True,True
delay,bare,70,3,20,7553,42,True,True
delay,bare,72,3,20,7553,42,True,True
delay,bare,74,3,20,7553,42,True,True
delay,bare,76,3,20,7553,42,True,True
delay,bare,78,3,20,7553,42,True,True
delay,bare,80,3,20,7553,42,True,True
delay,bare,82,3,20,7553,42,True,True
delay,bare,84,3,20,7553,42,True,True
delay,bare,86,3,20,7553,42,True,True
delay,bare,88,3,20,7553,42,True,True
delay,bare,90,3,20,7553,42,True,True
delay,bare,92,3,20,7553,42,True,True
delay,bare,94,3,20,7553,42,True,True
delay,bare,96,3,20,7553,42,True,True
delay,bare,98,3,20,7553,42,True,True
delay,bare,100,3,20,7553,42,True,True
delay,bare,102,3,20,7553,42,True,True
delay,bare,104,3,20,7553,42,True,True
delay,bare,106,3,20,7553,42,True,True
delay,bare,108,3,20,7553,42,True,True
delay,bare,110,3,20,7553,42,True,True
delay,bare,112,3,20,7553,42,True,True
delay,bare,114,3,20,7553,42,True,True
delay,bare,116,3,20,7553,42,True,True
delay,bare,118,3,20,7553,42,True,True
delay,bare,120,3,20,7553,42,True,True
delay,bare,122,3,20,7553,42,True,True
delay,bare,124,3,20,7553,42,True,True
delay,bare,126,3,20,7553,42,True,True
delay,bare,128,3,20,7553,42,True,True
delay,bare,130,3,20,7553,42,True,True
delay,bare,132,3,20,7553,42,True,True
delay,bare,134,3,20,7553,42,True,True
delay,bare,136,3,20,7553,42,True,True
delay,bare,138,3,20,7553,42,True,True
delay,bare,140,3,20,7553,42,True,True
delay,bare,142,3,20,7553,42,True,True
delay,bare,144,3,20,7553,42,True,True
delay,bare,146,3,20,7553,42,True,True
delay,bare,148,3,20,7553,42,True,True
delay,bare,150,3,20,7553,42,True,True
delay,bare,152,3,20,7553,42,True,True
delay,bare,154,3,20,7553,42,True,True
delay,bare,156,3,20,7553,42,True,True
delay,bare,158,3,20,7553,42,True,True
delay,bare,160,3,20,7553,42,True,True
delay,bare,162,3,20,7553,42,True,True
delay,bare,164,3,20,7553,42,True,True
delay,bare,166,3,20,7553,42,True,True
delay,bare,168,3,20,7553,42,True,True
delay,bare,170,3,20,7553,42,True,True
delay,bare,172,3,20,7553,42,True,True
delay,bare,174,3,20,7553,42,True,True
delay,bare,176,3,20,7553,42,True,True
delay,bare,178,3,20,7553,42,True,True
delay,bare,180,3,20,7553,42,True,True
delay,bare,182,3,20,7553,42,True,True
delay,bare,184,3,20,7553,42,True,True
delay,bare,186,3,20,7553,42,True,True
delay,bare,188,3,20,7553,42,True,True
delay,bare,190,3,20,7553,42,True,True
delay,bare,192,3,20,7553,42,True,True
delay,bare,194,3,20,7553,42,True,True
delay,bare,196,3,20,7553,42,True,True
delay,bare,198,3,20,7553,42,True,True
delay_via,preamble,60,3,1,10013,42,True,True
delay_via,preamble,62,3,1,10019,42,True,True
delay_via,preamble,64,3,1,10025,42,True,True
delay_via,preamble,66,3,1,10031,42,True,True
delay_via,preamble,68,3,1,10037,42,True,True
delay_via,preamble,70,3,1,10043,42,True,True
delay_via,preamble,72,3,1,10049,42,True,True
delay_via,preamble,74,3,1,10055,42,True,True
delay_via,preamble,76,3,1,10061,42,True,True
delay_via,preamble,78,3,1,10067,42,True,True
delay_via,preamble,80,3,1,10073,42,True,True
delay_via,preamble,82,3,1,10079,42,True,True
delay_via,preamble,84,3,1,10085,42,True,True
delay_via,preamble,86,3,1,10091,42,True,True
delay_via,preamble,88,3,1,10097,42,True,True
delay_via,preamble,90,3,1,10103,42,True,True
delay_via,preamble,92,3,1,10109,42,True,True
delay_via,preamble,94,3,1,10115,42,True,True
delay_via,preamble,96,3,1,10121,42,True,True
delay_via,preamble,98,3,1,10127,42,True,True
delay_via,preamble,100,3,1,10133,42,True,True
delay_via,preamble,102,3,1,10139,42,True,True
delay_via,preamble,104,3,1,10145,42,True,True
delay_via,preamble,106,3,1,10151,42,True,True
delay_via,preamble,108,3,1,10157,42,True,True
delay_via,preamble,110,3,1,10163,42,True,True
delay_via,preamble,112,3,1,10169,42,True,True
delay_via,preamble,114,3,1,10175,42,True,True
delay_via,preamble,116,3,1,10181,42,True,True
delay_via,preamble,118,3,1,10187,42,True,True
delay_via,preamble,120,3,1,10193,42,True,True
delay_via,preamble,122,3,1,10199,42,True,True
delay_via,preamble,124,3,1,10205,42,True,True
delay_via,preamble,126,3,1,10211,42,True,True
delay_via,preamble,128,3,1,10217,42,True,True
delay_via,preamble,130,3,1,10223,42,True,True
delay_via,preamble,132,3,1,10229,42,True,True
delay_via,preamble,134,3,1,10235,42,True,True
delay_via,preamble,136,3,1,10241,42,True,True
delay_via,preamble,138,3,1,10247,42,True,True
delay_via,preamble,140,3,1,10253,42,True,True
delay_via,preamble,142,3,1,10259,42,True,True
delay_via,preamble,144,3,1,10265,42,True,True
delay_via,preamble,146,3,1,10271,42,True,True
delay_via,preamble,148,3,1,10277,42,True,True
delay_via,preamble,150,3,1,10283,42,True,True
delay_via,preamble,152,3,1,10289,42,True,True
delay_via,preamble,154,3,1,10295,42,True,True
delay_via,preamble,156,3,1,10301,42,True,True
delay_via,preamble,158,3,1,10307,42,True,True
delay_via,preamble,160,3,1,10313,42,True,True
delay_via,preamble,162,3,1,10319,42,True,True
delay_via,preamble,164,3,1,10325,42,True,True
delay_via,preamble,166,3,1,10331,42,True,True
delay_via,preamble,168,3,1,10337,42,True,True
delay_via,preamble,170,3,1,10343,42,True,True
delay_via,preamble,172,3,1,10349,42,True,True
delay_via,preamble,174,3,1,10355,42,True,True
delay_via,preamble,176,3,1,10361,42,True,True
delay_via,preamble,178,3,1,10367,42,True,True
delay_via,preamble,180,3,1,10373,42,True,True
delay_via,preamble,182,3,1,10379,42,True,True
delay_via,preamble,184,3,1,10385,42,True,True
delay_via,preamble,186,3,1,10391,42,True,True
delay_via,preamble,188,3,1,10397,42,True,True
delay_via,preamble,190,3,1,10403,42,True,True
delay_via,preamble,192,3,1,10409,42,True,True
delay_via,preamble,194,3,1,10415,42,True,True
delay_via,preamble,196,3,1,10421,42,True,True
delay_via,preamble,198,3,1,10427,42,True,True
delay_via,preamble,60,3,5,10013,42,True,True
delay_via,preamble,62,3,5,10019,42,True,True
delay_via,preamble,64,3,5,10025,42,True,True
delay_via,preamble,66,3,5,10031,42,True,True
delay_via,preamble,68,3,5,10037,42,True,True
delay_via,preamble,70,3,5,10043,42,True,True
delay_via,preamble,72,3,5,10049,42,True,True
delay_via,preamble,74,3,5,10055,42,True,True
delay_via,preamble,76,3,5,10061,42,True,True
delay_via,preamble,78,3,5,10067,42,True,True
delay_via,preamble,80,3,5,10073,42,True,True
delay_via,preamble,82,3,5,10079,42,True,True
delay_via,preamble,84,3,5,10085,42,True,True
delay_via,preamble,86,3,5,10091,42,True,True
delay_via,preamble,88,3,5,10097,42,True,True
delay_via,preamble,90,3,5,10103,42,True,True
delay_via,preamble,92,3,5,10109,42,True,True
delay_via,preamble,94,3,5,10115,42,True,True
delay_via,preamble,96,3,5,10121,42,True,True
delay_via,preamble,98,3,5,10127,42,True,True
delay_via,preamble,100,3,5,10133,42,True,True
delay_via,preamble,102,3,5,10139,42,True,True
delay_via,preamble,104,3,5,10145,42,True,True
delay_via,preamble,106,3,5,10151,42,True,True
delay_via,preamble,108,3,5,10157,42,True,True
delay_via,preamble,110,3,5,10163,42,True,True
delay_via,preamble,112,3,5,10169,42,True,True
delay_via,preamble,114,3,5,10175,42,True,True
delay_via,preamble,116,3,5,10181,42,True,True
delay_via,preamble,118,3,5,10187,42,True,True
delay_via,preamble,120,3,5,10193,42,True,True
delay_via,preamble,122,3,5,10199,42,True,True
delay_via,preamble,124,3,5,10205,42,True,True
delay_via,preamble,126,3,5,10211,42,True,True
delay_via,preamble,128,3,5,10217,42,True,True
delay_via,preamble,130,3,5,10223,42,True,True
delay_via,preamble,132,3,5,10229,42,True,True
delay_via,preamble,134,3,5,10235,42,True,True
delay_via,preamble,136,3,5,10241,42,True,True
delay_via,preamble,138,3,5,10247,42,True,True
delay_via,preamble,140,3,5,10253,42,True,True
delay_via,preamble,142,3,5,10259,42,True,True
delay_via,preamble,144,3,5,10265,42,True,True
delay_via,preamble,146,3,5,10271,42,True,True
delay_via,preamble,148,3,5,10277,42,True,True
delay_via,preamble,150,3,5,10283,42,True,True
delay_via,preamble,152,3,5,10289,42,True,True
delay_via,preamble,154,3,5,10295,42,True,True
delay_via,preamble,156,3,5,10301,42,True,True
delay_via,preamble,158,3,5,10307,42,True,True
delay_via,preamble,160,3,5,10313,42,True,True
delay_via,preamble,162,3,5,10319,42,True,True
delay_via,preamble,164,3,5,10325,42,True,True
delay_via,preamble,166,3,5,10331,42,True,True
delay_via,preamble,168,3,5,10337,42,True,True
delay_via,preamble,170,3,5,10343,42,True,True
delay_via,preamble,172,3,5,10349,42,True,True
delay_via,preamble,174,3,5,10355,42,True,True
delay_via,preamble,176,3,5,10361,42,True,True
delay_via,preamble,178,3,5,10367,42,True,True
delay_via,preamble,180,3,5,10373,42,True,True
delay_via,preamble,182,3,5,10379,42,True,True
delay_via,preamble,184,3,5,10385,42,True,True
delay_via,preamble,186,3,5,10391,42,True,True
delay_via,preamble,188,3,5,10397,42,True,True
delay_via,preamble,190,3,5,10403,42,True,True
delay_via,preamble,192,3,5,10409,42,True,True
delay_via,preamble,194,3,5,10415,42,True,True
delay_via,preamble,196,3,5,10421,42,True,True
delay_via,preamble,198,3,5,10427,42,True,True
delay_ddra2,ddra=2,60,3,1,10005,42,True,True
delay_ddra2,ddra=2,64,3,1,10017,42,True,True
delay_ddra2,ddra=2,68,3,1,10029,42,True,True
delay_ddra2,ddra=2,72,3,1,10041,42,True,True
delay_ddra2,ddra=2,76,3,1,10053,42,True,True
delay_ddra2,ddra=2,80,3,1,10065,42,True,True
delay_ddra2,ddra=2,84,3,1,10077,42,True,True
delay_ddra2,ddra=2,88,3,1,10089,42,True,True
delay_ddra2,ddra=2,92,3,1,10101,42,True,True
delay_ddra2,ddra=2,96,3,1,10113,42,True,True
delay_ddra2,ddra=2,100,3,1,10125,42,True,True
delay_ddra2,ddra=2,104,3,1,10137,42,True,True
delay_ddra2,ddra=2,108,3,1,10149,42,True,True
delay_ddra2,ddra=2,112,3,1,10161,42,True,True
delay_ddra2,ddra=2,116,3,1,10173,42,True,True
delay_ddra2,ddra=2,120,3,1,10185,42,True,True
delay_ddra2,ddra=2,124,3,1,10197,42,True,True
delay_ddra2,ddra=2,128,3,1,10209,42,True,True
delay_ddra2,ddra=2,132,3,1,10221,42,True,True
delay_ddra2,ddra=2,136,3,1,10233,42,True,True
delay_ddra2,ddra=2,140,3,1,10245,42,True,True
delay_ddra2,ddra=2,144,3,1,10257,42,True,True
delay_ddra2,ddra=2,148,3,1,10269,42,True,True
delay_ddra2,ddra=2,152,3,1,10281,42,True,True
delay_ddra2,ddra=2,156,3,1,10293,42,True,True
delay_ddra2,ddra=2,160,3,1,10305,42,True,True
delay_ddra2,ddra=2,164,3,1,10317,42,True,True
delay_ddra2,ddra=2,168,3,1,10329,42,True,True
delay_ddra2,ddra=2,172,3,1,10341,42,True,True
delay_ddra2,ddra=2,176,3,1,10353,42,True,True
delay_ddra2,ddra=2,180,3,1,10365,42,True,True
delay_ddra2,ddra=2,184,3,1,10377,42,True,True
delay_ddra2,ddra=2,188,3,1,10389,42,True,True
delay_ddra2,ddra=2,192,3,1,10401,42,True,True
delay_ddra2,ddra=2,196,3,1,10413,42,True,True
delay_ddra2,ddra=2,60,3,5,10005,42,True,True
delay_ddra2,ddra=2,64,3,5,10017,42,True,True
delay_ddra2,ddra=2,68,3,5,10029,42,True,True
delay_ddra2,ddra=2,72,3,5,10041,42,True,True
delay_ddra2,ddra=2,76,3,5,10053,42,True,True
delay_ddra2,ddra=2,80,3,5,10065,42,True,True
delay_ddra2,ddra=2,84,3,5,10077,42,True,True
delay_ddra2,ddra=2,88,3,5,10089,42,True,True
delay_ddra2,ddra=2,92,3,5,10101,42,True,True
delay_ddra2,ddra=2,96,3,5,10113,42,True,True
delay_ddra2,ddra=2,100,3,5,10125,42,True,True
delay_ddra2,ddra=2,104,3,5,10137,42,True,True
delay_ddra2,ddra=2,108,3,5,10149,42,True,True
delay_ddra2,ddra=2,112,3,5,10161,42,True,True
delay_ddra2,ddra=2,116,3,5,10173,42,True,True
delay_ddra2,ddra=2,120,3,5,10185,42,True,True
delay_ddra2,ddra=2,124,3,5,10197,42,True,True
delay_ddra2,ddra=2,128,3,5,10209,42,True,True
delay_ddra2,ddra=2,132,3,5,10221,42,True,True
delay_ddra2,ddra=2,136,3,5,10233,42,True,True
delay_ddra2,ddra=2,140,3,5,10245,42,True,True
delay_ddra2,ddra=2,144,3,5,10257,42,True,True
delay_ddra2,ddra=2,148,3,5,10269,42,True,True
delay_ddra2,ddra=2,152,3,5,10281,42,True,True
delay_ddra2,ddra=2,156,3,5,10293,42,True,True
delay_ddra2,ddra=2,160,3,5,10305,42,True,True
delay_ddra2,ddra=2,164,3,5,10317,42,True,True
delay_ddra2,ddra=2,168,3,5,10329,42,True,True
delay_ddra2,ddra=2,172,3,5,10341,42,True,True
delay_ddra2,ddra=2,176,3,5,10353,42,True,True
delay_ddra2,ddra=2,180,3,5,10365,42,True,True
delay_ddra2,ddra=2,184,3,5,10377,42,True,True
delay_ddra2,ddra=2,188,3,5,10389,42,True,True
delay_ddra2,ddra=2,192,3,5,10401,42,True,True
delay_ddra2,ddra=2,196,3,5,10413,42,True,True
ldsp,offset=51,0,0,1,418,42,True,True
ldsp,offset=51,0,0,1,418,42,True,True
ldsp,offset=51,0,0,1,418,42,True,True
ldsp,offset=51,0,0,1,418,42,True,True
ldsp,offset=51,0,0,1,418,42,True,True
ldsp,offset=51,0,0,1,418,42,True,True
ldsp,offset=51,0,0,1,418,42,True,True
ldsp,offset=51,0,0,1,418,42,True,True
ldsp,offset=51,0,0,1,418,42,True,True
ldsp,offset=49,0,0,1,402,42,True,True
ldsp,offset=33,0,0,1,274,42,True,True
ldsp,offset=17,0,0,1,146,42,True,True
